000D4260-D23E-E311-A850-02163E008D77.mod,HLT_Jet300,513220
000D4260-D23E-E311-A850-02163E008D77.mod,HLT_Jet190,110231
000D4260-D23E-E311-A850-02163E008D77.mod,HLT_Jet370,656996
000D4260-D23E-E311-A850-02163E008D77.mod,HLT_Jet150,30917.7
000D4260-D23E-E311-A850-02163E008D77.mod,HLT_Jet240,314850
000D4260-D23E-E311-A850-02163E008D77.mod,HLT_Jet110,6455.48
000D4260-D23E-E311-A850-02163E008D77.mod,HLT_Jet80,1292.61
000D4260-D23E-E311-A850-02163E008D77.mod,HLT_Jet60,240.141
000D4260-D23E-E311-A850-02163E008D77.mod,HLT_Jet30,13.0894
00E41BFD-D93E-E311-A91D-0025901D5DEC.mod,HLT_Jet300,228261
00E41BFD-D93E-E311-A91D-0025901D5DEC.mod,HLT_Jet190,37916.6
00E41BFD-D93E-E311-A91D-0025901D5DEC.mod,HLT_Jet370,282383
00E41BFD-D93E-E311-A91D-0025901D5DEC.mod,HLT_Jet150,13240.2
00E41BFD-D93E-E311-A91D-0025901D5DEC.mod,HLT_Jet240,145384
00E41BFD-D93E-E311-A91D-0025901D5DEC.mod,HLT_Jet110,2648.04
00E41BFD-D93E-E311-A91D-0025901D5DEC.mod,HLT_Jet80,481.474
00E41BFD-D93E-E311-A91D-0025901D5DEC.mod,HLT_Jet60,90.2813
00E41BFD-D93E-E311-A91D-0025901D5DEC.mod,HLT_Jet30,4.67345
000D4260-D23E-E311-A850-02163E008D77.mod,HLT_Jet300,513220
000D4260-D23E-E311-A850-02163E008D77.mod,HLT_Jet190,110231
000D4260-D23E-E311-A850-02163E008D77.mod,HLT_Jet370,656996
000D4260-D23E-E311-A850-02163E008D77.mod,HLT_Jet150,30917.7
000D4260-D23E-E311-A850-02163E008D77.mod,HLT_Jet240,314850
000D4260-D23E-E311-A850-02163E008D77.mod,HLT_Jet110,6455.48
000D4260-D23E-E311-A850-02163E008D77.mod,HLT_Jet80,1292.61
000D4260-D23E-E311-A850-02163E008D77.mod,HLT_Jet60,240.141
000D4260-D23E-E311-A850-02163E008D77.mod,HLT_Jet30,13.0894
00E41BFD-D93E-E311-A91D-0025901D5DEC.mod,HLT_Jet300,228261
00E41BFD-D93E-E311-A91D-0025901D5DEC.mod,HLT_Jet190,37916.6
00E41BFD-D93E-E311-A91D-0025901D5DEC.mod,HLT_Jet370,282383
00E41BFD-D93E-E311-A91D-0025901D5DEC.mod,HLT_Jet150,13240.2
00E41BFD-D93E-E311-A91D-0025901D5DEC.mod,HLT_Jet240,145384
00E41BFD-D93E-E311-A91D-0025901D5DEC.mod,HLT_Jet110,2648.04
00E41BFD-D93E-E311-A91D-0025901D5DEC.mod,HLT_Jet80,481.474
00E41BFD-D93E-E311-A91D-0025901D5DEC.mod,HLT_Jet60,90.2813
00E41BFD-D93E-E311-A91D-0025901D5DEC.mod,HLT_Jet30,4.67345
